variant,task,appearance,n,rho,p,rho_with_baseline,p_with_baseline
asblur,glioma,True,5,0.7999999999999999,0.10408803866182788,0.3142857142857143,0.5440932944606415
asblur,ms,True,5,0.49999999999999994,0.3910022189557703,0.14285714285714288,0.7871720116618076
asblur,breast,True,5,-0.09999999999999999,0.8728885715695384,-0.14285714285714288,0.7871720116618076
asblur,abdomen,False,5,0.7,0.1881204043741873,-0.028571428571428574,0.9571545189504373
asblur,brain_healthy,False,5,0.39999999999999997,0.5046315754686912,-0.2,0.7040000000000001
asblur,mandible,False,5,0.6,0.28475697986529386,0.2,0.7040000000000001
asblur,pelvis,False,5,0.6,0.28475697986529386,0.2,0.7040000000000001
noblur,glioma,True,5,0.7999999999999999,0.10408803866182788,0.3142857142857143,0.5440932944606415
noblur,ms,True,5,0.7999999999999999,0.10408803866182788,0.3142857142857143,0.5440932944606415
noblur,breast,True,5,0.6,0.28475697986529386,0.3714285714285715,0.4684781341107872
noblur,abdomen,False,5,0.7,0.1881204043741873,-0.028571428571428574,0.9571545189504373
noblur,brain_healthy,False,5,0.39999999999999997,0.5046315754686912,-0.2,0.7040000000000001
noblur,mandible,False,5,0.7,0.1881204043741873,0.2571428571428572,0.6227871720116619
noblur,pelvis,False,5,0.8999999999999998,0.03738607346849874,0.3714285714285715,0.4684781341107872
