variant,task,method,ngf,gain
asblur,glioma,synthseg_noEM,0.337333705984056,-14.599999999999998
asblur,glioma,synthseg_EM,0.4554845399409533,19.700000000000003
asblur,glioma,auglab_default,0.6961263797432184,21.4
asblur,glioma,srcsm,0.6696597353368997,13.5
asblur,glioma,ours_train050,0.6780065740644932,22.5
asblur,ms,synthseg_noEM,0.3326095430552959,-16.7
asblur,ms,synthseg_EM,0.4036625398695469,12.899999999999999
asblur,ms,auglab_default,0.6973080995678902,13.299999999999997
asblur,ms,srcsm,0.6761799755692481,6.5
asblur,ms,ours_train050,0.6669616784155368,17.5
asblur,breast,synthseg_noEM,0.32870346571318804,-18.5
asblur,breast,synthseg_EM,0.4214372397959232,4.600000000000001
asblur,breast,auglab_default,0.6502154734730721,5.100000000000001
asblur,breast,srcsm,0.651451051235199,-20.3
asblur,breast,ours_train050,0.6313079462945461,6.200000000000003
asblur,abdomen,synthseg_noEM,0.38220069911330934,31.4
asblur,abdomen,synthseg_EM,0.46944260857999326,54.5
asblur,abdomen,auglab_default,0.6729123385623097,55.099999999999994
asblur,abdomen,srcsm,0.6327410100027919,56.099999999999994
asblur,abdomen,ours_train050,0.6474878882989288,56.400000000000006
asblur,brain_healthy,synthseg_noEM,0.43741259674231214,29.599999999999994
asblur,brain_healthy,synthseg_EM,0.4528585972388585,31.599999999999994
asblur,brain_healthy,auglab_default,0.6608443853259086,31.5
asblur,brain_healthy,srcsm,0.6096060539860474,32.0
asblur,brain_healthy,ours_train050,0.634016593694687,32.2
asblur,mandible,synthseg_noEM,0.3657875932008028,-5.600000000000001
asblur,mandible,synthseg_EM,0.42579222202301026,17.099999999999994
asblur,mandible,auglab_default,0.6488472014665604,19.099999999999994
asblur,mandible,srcsm,0.6483328658342361,20.599999999999994
asblur,mandible,ours_train050,0.6566405719518661,18.5
asblur,pelvis,synthseg_noEM,0.3479589791968465,-14.8
asblur,pelvis,synthseg_EM,0.42434285029768937,32.7
asblur,pelvis,auglab_default,0.6543387034535408,34.5
asblur,pelvis,srcsm,0.6585996414721011,33.099999999999994
asblur,pelvis,ours_train050,0.6521863532392309,35.8
noblur,glioma,synthseg_noEM,0.3372470176592469,-14.599999999999998
noblur,glioma,synthseg_EM,0.5400780678540469,19.700000000000003
noblur,glioma,auglab_default,0.7565818648785352,21.4
noblur,glioma,srcsm,0.6631037413328886,13.5
noblur,glioma,ours_train050,0.7222023694217204,22.5
noblur,ms,synthseg_noEM,0.33718181563541294,-16.7
noblur,ms,synthseg_EM,0.45356152206659317,12.899999999999999
noblur,ms,auglab_default,0.7580966158211231,13.299999999999997
noblur,ms,srcsm,0.6582530924677849,6.5
noblur,ms,ours_train050,0.7134245383925736,17.5
noblur,breast,synthseg_noEM,0.33168231613002713,-18.5
noblur,breast,synthseg_EM,0.4935455794632435,4.600000000000001
noblur,breast,auglab_default,0.7279816429316998,5.100000000000001
noblur,breast,srcsm,0.6454259556531906,-20.3
noblur,breast,ours_train050,0.6933995670080185,6.200000000000003
noblur,abdomen,synthseg_noEM,0.3736716849729419,31.4
noblur,abdomen,synthseg_EM,0.5350672632455826,54.5
noblur,abdomen,auglab_default,0.7349527953192592,55.099999999999994
noblur,abdomen,srcsm,0.6361092239618301,56.099999999999994
noblur,abdomen,ours_train050,0.7008582379668951,56.400000000000006
noblur,brain_healthy,synthseg_noEM,0.5036425333221753,29.599999999999994
noblur,brain_healthy,synthseg_EM,0.5345718830823899,31.599999999999994
noblur,brain_healthy,auglab_default,0.7266263443231583,31.5
noblur,brain_healthy,srcsm,0.6256710585951805,32.0
noblur,brain_healthy,ours_train050,0.6813764789700508,32.2
noblur,mandible,synthseg_noEM,0.36027591057121755,-5.600000000000001
noblur,mandible,synthseg_EM,0.4653901317715645,17.099999999999994
noblur,mandible,auglab_default,0.7296858605742454,19.099999999999994
noblur,mandible,srcsm,0.5998353466391564,20.599999999999994
noblur,mandible,ours_train050,0.7176271918416023,18.5
noblur,pelvis,synthseg_noEM,0.339163742698729,-14.8
noblur,pelvis,synthseg_EM,0.4691641089320183,32.7
noblur,pelvis,auglab_default,0.7325415389239789,34.5
noblur,pelvis,srcsm,0.6618560875952244,33.099999999999994
noblur,pelvis,ours_train050,0.7050911097240169,35.8
