benchmark/02_tasks/abdomen_healthy/chaos/5_scripts_chaos/04_train/04_02_train_v26_6_2.sh	benchmark/03_archive/ladder_train_wrappers_retired_20261007/abdomen_healthy/chaos/5_scripts_chaos/04_train/04_02_train_v26_6_2.sh
benchmark/02_tasks/abdomen_healthy/chaos/5_scripts_chaos/04_train/04_06_train_exp0_v26_6_2_90_100.sh	benchmark/03_archive/ladder_train_wrappers_retired_20261007/abdomen_healthy/chaos/5_scripts_chaos/04_train/04_06_train_exp0_v26_6_2_90_100.sh
benchmark/02_tasks/abdomen_healthy/chaos/5_scripts_chaos/04_train/04_07_train_exp1_v26_6_2_50_100.sh	benchmark/03_archive/ladder_train_wrappers_retired_20261007/abdomen_healthy/chaos/5_scripts_chaos/04_train/04_07_train_exp1_v26_6_2_50_100.sh
benchmark/02_tasks/abdomen_healthy/chaos/5_scripts_chaos/04_train/04_19_train_v26_6_2_train025_val100.sh	benchmark/03_archive/ladder_train_wrappers_retired_20261007/abdomen_healthy/chaos/5_scripts_chaos/04_train/04_19_train_v26_6_2_train025_val100.sh
benchmark/02_tasks/abdomen_healthy/chaos/5_scripts_chaos/04_train/04_28_train_t2spir_v26_6_2_train050_val100.sh	benchmark/03_archive/ladder_train_wrappers_retired_20261007/abdomen_healthy/chaos/5_scripts_chaos/04_train/04_28_train_t2spir_v26_6_2_train050_val100.sh
benchmark/02_tasks/abdomen_healthy/chaos/5_scripts_chaos/04_train/04_34_train_t1in_v26_6_2_train050_val100.sh	benchmark/03_archive/ladder_train_wrappers_retired_20261007/abdomen_healthy/chaos/5_scripts_chaos/04_train/04_34_train_t1in_v26_6_2_train050_val100.sh
benchmark/02_tasks/abdomen_healthy/chaos/5_scripts_chaos/04_train/04_47_train_t1in_baseline_kmeans_label_remap_voronoi.sh	benchmark/03_archive/ladder_train_wrappers_retired_20261007/abdomen_healthy/chaos/5_scripts_chaos/04_train/04_47_train_t1in_baseline_kmeans_label_remap_voronoi.sh
benchmark/02_tasks/abdomen_healthy/chaos/5_scripts_chaos/04_train/04_57_train_t2spir_baseline_kmeans_label_remap_voronoi.sh	benchmark/03_archive/ladder_train_wrappers_retired_20261007/abdomen_healthy/chaos/5_scripts_chaos/04_train/04_57_train_t2spir_baseline_kmeans_label_remap_voronoi.sh
benchmark/02_tasks/abdomen_healthy/chaos/5_scripts_chaos/04_train/04_60_train_t2spir_v26_6_2_pv_train050_val100.sh	benchmark/03_archive/ladder_train_wrappers_retired_20261007/abdomen_healthy/chaos/5_scripts_chaos/04_train/04_60_train_t2spir_v26_6_2_pv_train050_val100.sh
benchmark/02_tasks/brain_healthy/on-harmony/5_scripts_on-harmony/04_train/04_08_train_t1w_v26_6_2_train050_val100.sh	benchmark/03_archive/ladder_train_wrappers_retired_20261007/brain_healthy/on-harmony/5_scripts_on-harmony/04_train/04_08_train_t1w_v26_6_2_train050_val100.sh
benchmark/02_tasks/brain_healthy/on-harmony/5_scripts_on-harmony/04_train/04_14_train_t2w_v26_6_2_train050_val100.sh	benchmark/03_archive/ladder_train_wrappers_retired_20261007/brain_healthy/on-harmony/5_scripts_on-harmony/04_train/04_14_train_t2w_v26_6_2_train050_val100.sh
benchmark/02_tasks/brain_healthy/on-harmony/5_scripts_on-harmony/04_train/04_30_train_t1w_baseline_kmeans_label_remap_voronoi.sh	benchmark/03_archive/ladder_train_wrappers_retired_20261007/brain_healthy/on-harmony/5_scripts_on-harmony/04_train/04_30_train_t1w_baseline_kmeans_label_remap_voronoi.sh
benchmark/02_tasks/brain_healthy/on-harmony/5_scripts_on-harmony/04_train/04_34_train_t2w_baseline_kmeans_label_remap_voronoi.sh	benchmark/03_archive/ladder_train_wrappers_retired_20261007/brain_healthy/on-harmony/5_scripts_on-harmony/04_train/04_34_train_t2w_baseline_kmeans_label_remap_voronoi.sh
benchmark/02_tasks/brain_healthy/on-harmony/5_scripts_on-harmony/04_train/04_42_train_dwi_ap_v26_6_2_train050_val100.sh	benchmark/03_archive/ladder_train_wrappers_retired_20261007/brain_healthy/on-harmony/5_scripts_on-harmony/04_train/04_42_train_dwi_ap_v26_6_2_train050_val100.sh
benchmark/02_tasks/brain_healthy/on-harmony/5_scripts_on-harmony/04_train/04_45_train_dwi_ap_baseline_kmeans_label_remap_voronoi.sh	benchmark/03_archive/ladder_train_wrappers_retired_20261007/brain_healthy/on-harmony/5_scripts_on-harmony/04_train/04_45_train_dwi_ap_baseline_kmeans_label_remap_voronoi.sh
benchmark/02_tasks/brain_healthy/on-harmony/5_scripts_on-harmony/04_train/04_47_train_t1w_v26_6_2_pv_train050_val100.sh	benchmark/03_archive/ladder_train_wrappers_retired_20261007/brain_healthy/on-harmony/5_scripts_on-harmony/04_train/04_47_train_t1w_v26_6_2_pv_train050_val100.sh
benchmark/02_tasks/brain_healthy/on-harmony/5_scripts_on-harmony/04_train/04_48_train_t2w_v26_6_2_pv_train050_val100.sh	benchmark/03_archive/ladder_train_wrappers_retired_20261007/brain_healthy/on-harmony/5_scripts_on-harmony/04_train/04_48_train_t2w_v26_6_2_pv_train050_val100.sh
benchmark/02_tasks/brain_healthy/on-harmony/5_scripts_on-harmony/04_train/04_49_train_dwi_ap_v26_6_2_pv_train050_val100.sh	benchmark/03_archive/ladder_train_wrappers_retired_20261007/brain_healthy/on-harmony/5_scripts_on-harmony/04_train/04_49_train_dwi_ap_v26_6_2_pv_train050_val100.sh
benchmark/02_tasks/brain_ms/open-ms/5_scripts_open-ms/04_train/04_06_train_v26_6_2_train050_val100.sh	benchmark/03_archive/ladder_train_wrappers_retired_20261007/brain_ms/open-ms/5_scripts_open-ms/04_train/04_06_train_v26_6_2_train050_val100.sh
benchmark/02_tasks/brain_ms/open-ms/5_scripts_open-ms/04_train/04_11_train_baseline_kmeans_label_remap_voronoi_alone_train050.sh	benchmark/03_archive/ladder_train_wrappers_retired_20261007/brain_ms/open-ms/5_scripts_open-ms/04_train/04_11_train_baseline_kmeans_label_remap_voronoi_alone_train050.sh
benchmark/02_tasks/brain_ms/open-ms/5_scripts_open-ms/04_train/04_17_train_t1w_v26_6_2_train050_val100.sh	benchmark/03_archive/ladder_train_wrappers_retired_20261007/brain_ms/open-ms/5_scripts_open-ms/04_train/04_17_train_t1w_v26_6_2_train050_val100.sh
benchmark/02_tasks/brain_ms/open-ms/5_scripts_open-ms/04_train/04_25_train_baseline_kmeans_label_remap_voronoi_train050_val000.sh	benchmark/03_archive/ladder_train_wrappers_retired_20261007/brain_ms/open-ms/5_scripts_open-ms/04_train/04_25_train_baseline_kmeans_label_remap_voronoi_train050_val000.sh
benchmark/02_tasks/brain_ms/open-ms/5_scripts_open-ms/04_train/04_37_train_t1w_baseline_kmeans_label_remap_voronoi_train050_val000.sh	benchmark/03_archive/ladder_train_wrappers_retired_20261007/brain_ms/open-ms/5_scripts_open-ms/04_train/04_37_train_t1w_baseline_kmeans_label_remap_voronoi_train050_val000.sh
benchmark/02_tasks/brain_ms/open-ms/5_scripts_open-ms/04_train/04_40_train_t1w_v26_6_2_pv_train050_val100.sh	benchmark/03_archive/ladder_train_wrappers_retired_20261007/brain_ms/open-ms/5_scripts_open-ms/04_train/04_40_train_t1w_v26_6_2_pv_train050_val100.sh
benchmark/02_tasks/brain_tumor/brats2024-glioma/5_scripts_brats2024-glioma/04_train/04_04_train_v26_6_2.sh	benchmark/03_archive/ladder_train_wrappers_retired_20261007/brain_tumor/brats2024-glioma/5_scripts_brats2024-glioma/04_train/04_04_train_v26_6_2.sh
benchmark/02_tasks/brain_tumor/brats2024-glioma/5_scripts_brats2024-glioma/04_train/04_10_train_v26_6_2_train050_val100.sh	benchmark/03_archive/ladder_train_wrappers_retired_20261007/brain_tumor/brats2024-glioma/5_scripts_brats2024-glioma/04_train/04_10_train_v26_6_2_train050_val100.sh
benchmark/02_tasks/brain_tumor/brats2024-glioma/5_scripts_brats2024-glioma/04_train/04_14_train_t2w_v26_6_2_train050_val100.sh	benchmark/03_archive/ladder_train_wrappers_retired_20261007/brain_tumor/brats2024-glioma/5_scripts_brats2024-glioma/04_train/04_14_train_t2w_v26_6_2_train050_val100.sh
benchmark/02_tasks/brain_tumor/brats2024-glioma/5_scripts_brats2024-glioma/04_train/04_20_train_t1n_v26_6_2_train050_val100.sh	benchmark/03_archive/ladder_train_wrappers_retired_20261007/brain_tumor/brats2024-glioma/5_scripts_brats2024-glioma/04_train/04_20_train_t1n_v26_6_2_train050_val100.sh
benchmark/02_tasks/brain_tumor/brats2024-glioma/5_scripts_brats2024-glioma/04_train/04_42_train_t1n_baseline_kmeans_label_remap_voronoi.sh	benchmark/03_archive/ladder_train_wrappers_retired_20261007/brain_tumor/brats2024-glioma/5_scripts_brats2024-glioma/04_train/04_42_train_t1n_baseline_kmeans_label_remap_voronoi.sh
benchmark/02_tasks/brain_tumor/brats2024-glioma/5_scripts_brats2024-glioma/04_train/04_46_train_t2w_baseline_kmeans_label_remap_voronoi.sh	benchmark/03_archive/ladder_train_wrappers_retired_20261007/brain_tumor/brats2024-glioma/5_scripts_brats2024-glioma/04_train/04_46_train_t2w_baseline_kmeans_label_remap_voronoi.sh
benchmark/02_tasks/brain_tumor/brats2024-glioma/5_scripts_brats2024-glioma/04_train/04_56_train_t2f_v26_6_2_train050_val100.sh	benchmark/03_archive/ladder_train_wrappers_retired_20261007/brain_tumor/brats2024-glioma/5_scripts_brats2024-glioma/04_train/04_56_train_t2f_v26_6_2_train050_val100.sh
benchmark/02_tasks/brain_tumor/brats2024-glioma/5_scripts_brats2024-glioma/04_train/04_59_train_t2f_baseline_kmeans_label_remap_voronoi.sh	benchmark/03_archive/ladder_train_wrappers_retired_20261007/brain_tumor/brats2024-glioma/5_scripts_brats2024-glioma/04_train/04_59_train_t2f_baseline_kmeans_label_remap_voronoi.sh
benchmark/02_tasks/brain_tumor/brats2024-glioma/5_scripts_brats2024-glioma/04_train/04_76_train_t1c_v26_6_2_train050_val100.sh	benchmark/03_archive/ladder_train_wrappers_retired_20261007/brain_tumor/brats2024-glioma/5_scripts_brats2024-glioma/04_train/04_76_train_t1c_v26_6_2_train050_val100.sh
benchmark/02_tasks/brain_tumor/brats2024-glioma/5_scripts_brats2024-glioma/04_train/04_79_train_t1c_baseline_kmeans_label_remap_voronoi.sh	benchmark/03_archive/ladder_train_wrappers_retired_20261007/brain_tumor/brats2024-glioma/5_scripts_brats2024-glioma/04_train/04_79_train_t1c_baseline_kmeans_label_remap_voronoi.sh
benchmark/02_tasks/brain_tumor/brats2024-glioma/5_scripts_brats2024-glioma/04_train/04_81_train_t1n_v26_6_2_pv_train050_val100.sh	benchmark/03_archive/ladder_train_wrappers_retired_20261007/brain_tumor/brats2024-glioma/5_scripts_brats2024-glioma/04_train/04_81_train_t1n_v26_6_2_pv_train050_val100.sh
benchmark/02_tasks/brain_tumor/brats2024-glioma/5_scripts_brats2024-glioma/04_train/04_82_train_t2w_v26_6_2_pv_train050_val100.sh	benchmark/03_archive/ladder_train_wrappers_retired_20261007/brain_tumor/brats2024-glioma/5_scripts_brats2024-glioma/04_train/04_82_train_t2w_v26_6_2_pv_train050_val100.sh
benchmark/02_tasks/brain_tumor/brats2024-glioma/5_scripts_brats2024-glioma/04_train/04_83_train_t2f_v26_6_2_pv_train050_val100.sh	benchmark/03_archive/ladder_train_wrappers_retired_20261007/brain_tumor/brats2024-glioma/5_scripts_brats2024-glioma/04_train/04_83_train_t2f_v26_6_2_pv_train050_val100.sh
benchmark/02_tasks/brain_tumor/brats2024-glioma/5_scripts_brats2024-glioma/04_train/04_84_train_t1c_v26_6_2_pv_train050_val100.sh	benchmark/03_archive/ladder_train_wrappers_retired_20261007/brain_tumor/brats2024-glioma/5_scripts_brats2024-glioma/04_train/04_84_train_t1c_v26_6_2_pv_train050_val100.sh
benchmark/02_tasks/breast_cancer/ispy2/5_scripts_ispy2/04_train/04_18_train_t1wce_baseline_kmeans_label_remap_voronoi.sh	benchmark/03_archive/ladder_train_wrappers_retired_20261007/breast_cancer/ispy2/5_scripts_ispy2/04_train/04_18_train_t1wce_baseline_kmeans_label_remap_voronoi.sh
benchmark/02_tasks/breast_cancer/ispy2/5_scripts_ispy2/04_train/04_19_train_t1wce_v26_6_2_train050_val100.sh	benchmark/03_archive/ladder_train_wrappers_retired_20261007/breast_cancer/ispy2/5_scripts_ispy2/04_train/04_19_train_t1wce_v26_6_2_train050_val100.sh
benchmark/02_tasks/breast_cancer/ispy2/5_scripts_ispy2/04_train/04_23_train_t2w_baseline_kmeans_label_remap_voronoi.sh	benchmark/03_archive/ladder_train_wrappers_retired_20261007/breast_cancer/ispy2/5_scripts_ispy2/04_train/04_23_train_t2w_baseline_kmeans_label_remap_voronoi.sh
benchmark/02_tasks/breast_cancer/ispy2/5_scripts_ispy2/04_train/04_24_train_t2w_v26_6_2_train050_val100.sh	benchmark/03_archive/ladder_train_wrappers_retired_20261007/breast_cancer/ispy2/5_scripts_ispy2/04_train/04_24_train_t2w_v26_6_2_train050_val100.sh
benchmark/02_tasks/breast_cancer/ispy2/5_scripts_ispy2/04_train/04_26_train_t1wce_v26_6_2_pv_train050_val100.sh	benchmark/03_archive/ladder_train_wrappers_retired_20261007/breast_cancer/ispy2/5_scripts_ispy2/04_train/04_26_train_t1wce_v26_6_2_pv_train050_val100.sh
benchmark/02_tasks/breast_cancer/ispy2/5_scripts_ispy2/04_train/04_27_train_t2w_v26_6_2_pv_train050_val100.sh	benchmark/03_archive/ladder_train_wrappers_retired_20261007/breast_cancer/ispy2/5_scripts_ispy2/04_train/04_27_train_t2w_v26_6_2_pv_train050_val100.sh
benchmark/02_tasks/mandible_healthy/toothfairy2/5_scripts_toothfairy2/04_train/04_10_train_baseline_kmeans_label_remap_voronoi.sh	benchmark/03_archive/ladder_train_wrappers_retired_20261007/mandible_healthy/toothfairy2/5_scripts_toothfairy2/04_train/04_10_train_baseline_kmeans_label_remap_voronoi.sh
benchmark/02_tasks/mandible_healthy/toothfairy2/5_scripts_toothfairy2/04_train/04_11_train_v26_6_2_train050_val100.sh	benchmark/03_archive/ladder_train_wrappers_retired_20261007/mandible_healthy/toothfairy2/5_scripts_toothfairy2/04_train/04_11_train_v26_6_2_train050_val100.sh
benchmark/02_tasks/mandible_healthy/toothfairy2/5_scripts_toothfairy2/04_train/04_15_train_cbct_v26_6_2_pv_train050_val100.sh	benchmark/03_archive/ladder_train_wrappers_retired_20261007/mandible_healthy/toothfairy2/5_scripts_toothfairy2/04_train/04_15_train_cbct_v26_6_2_pv_train050_val100.sh
benchmark/02_tasks/pancreas_disease/pansegdata/5_scripts_pansegdata/04_train/04_17_train_t1wce_baseline_kmeans_label_remap_voronoi.sh	benchmark/03_archive/ladder_train_wrappers_retired_20261007/pancreas_disease/pansegdata/5_scripts_pansegdata/04_train/04_17_train_t1wce_baseline_kmeans_label_remap_voronoi.sh
benchmark/02_tasks/pancreas_disease/pansegdata/5_scripts_pansegdata/04_train/04_21_train_t2w_baseline_kmeans_label_remap_voronoi.sh	benchmark/03_archive/ladder_train_wrappers_retired_20261007/pancreas_disease/pansegdata/5_scripts_pansegdata/04_train/04_21_train_t2w_baseline_kmeans_label_remap_voronoi.sh
benchmark/02_tasks/pelvis_healthy/totalseg-pelvic/5_scripts_totalseg-pelvic/04_train/04_17_train_ct_baseline_kmeans_label_remap_voronoi.sh	benchmark/03_archive/ladder_train_wrappers_retired_20261007/pelvis_healthy/totalseg-pelvic/5_scripts_totalseg-pelvic/04_train/04_17_train_ct_baseline_kmeans_label_remap_voronoi.sh
benchmark/02_tasks/pelvis_healthy/totalseg-pelvic/5_scripts_totalseg-pelvic/04_train/04_18_train_ct_v26_6_2_train050_val100.sh	benchmark/03_archive/ladder_train_wrappers_retired_20261007/pelvis_healthy/totalseg-pelvic/5_scripts_totalseg-pelvic/04_train/04_18_train_ct_v26_6_2_train050_val100.sh
benchmark/02_tasks/pelvis_healthy/totalseg-pelvic/5_scripts_totalseg-pelvic/04_train/04_21_train_mri_baseline_kmeans_label_remap_voronoi.sh	benchmark/03_archive/ladder_train_wrappers_retired_20261007/pelvis_healthy/totalseg-pelvic/5_scripts_totalseg-pelvic/04_train/04_21_train_mri_baseline_kmeans_label_remap_voronoi.sh
benchmark/02_tasks/pelvis_healthy/totalseg-pelvic/5_scripts_totalseg-pelvic/04_train/04_22_train_mri_v26_6_2_train050_val100.sh	benchmark/03_archive/ladder_train_wrappers_retired_20261007/pelvis_healthy/totalseg-pelvic/5_scripts_totalseg-pelvic/04_train/04_22_train_mri_v26_6_2_train050_val100.sh
benchmark/02_tasks/pelvis_healthy/totalseg-pelvic/5_scripts_totalseg-pelvic/04_train/04_23_train_ct_v26_6_2_pv_train050_val100.sh	benchmark/03_archive/ladder_train_wrappers_retired_20261007/pelvis_healthy/totalseg-pelvic/5_scripts_totalseg-pelvic/04_train/04_23_train_ct_v26_6_2_pv_train050_val100.sh
benchmark/02_tasks/pelvis_healthy/totalseg-pelvic/5_scripts_totalseg-pelvic/04_train/04_24_train_mri_v26_6_2_pv_train050_val100.sh	benchmark/03_archive/ladder_train_wrappers_retired_20261007/pelvis_healthy/totalseg-pelvic/5_scripts_totalseg-pelvic/04_train/04_24_train_mri_v26_6_2_pv_train050_val100.sh
